iso3,counterpart,n,rank
ABW,NLD,11,1
ABW,GRD,4,2
ABW,MEX,4,3
ABW,CYM,4,4
ABW,USA,3,5
ABW,BLZ,2,6
ABW,ESP,2,7
ABW,ARG,1,8
ABW,EUR,1,9
AFG,PAK,895,1
AFG,USA,369,2
AFG,IRN,127,3
AFG,GBR,116,4
AFG,RUS,108,5
AFG,IRQ,78,6
AFG,CHN,70,7
AFG,AUS,65,8
AFG,EUR,54,9
AFG,IND,45,10
AFR,ZAF,1432,1
AFR,NGA,708,2
AFR,USA,608,3
AFR,GHA,309,4
AFR,MWI,231,5
AFR,KEN,228,6
AFR,ZWE,165,7
AFR,CHN,156,8
AFR,GBR,134,9
AFR,EUR,129,10
AGO,AFR,30,1
AGO,NAM,28,2
AGO,USA,16,3
AGO,ZAF,10,4
AGO,PRT,8,5
AGO,EUR,7,6
AGO,BWA,5,7
AGO,TZA,4,8
AGO,BOL,4,9
AGO,RUS,3,10
AIA,CAN,4,1
AIA,QAT,2,2
AIA,BRB,2,3
AIA,CYM,2,4
AIA,GBR,2,5
AIA,BMU,1,6
ALB,USA,98,1
ALB,EUR,85,2
ALB,GRC,65,3
ALB,IRN,63,4
ALB,GBR,49,5
ALB,ITA,40,6
ALB,SRB,31,7
ALB,UZB,19,8
ALB,ISR,16,9
ALB,DEU,13,10
AND,GBR,1,1
ARE,IRN,470,1
ARE,GBR,230,2
ARE,USA,183,3
ARE,QAT,152,4
ARE,FRA,129,5
ARE,EGY,101,6
ARE,ISR,88,7
ARE,SAU,81,8
ARE,OMN,77,9
ARE,AFR,72,10
ARG,USA,215,1
ARG,ESP,69,2
ARG,GBR,49,3
ARG,CHL,48,4
ARG,ISR,41,5
ARG,ITA,32,6
ARG,BRA,27,7
ARG,URY,26,8
ARG,CHN,25,9
ARG,PER,22,10
ARM,RUS,817,1
ARM,AZE,612,2
ARM,USA,283,3
ARM,EUR,250,4
ARM,TUR,214,5
ARM,IRN,88,6
ARM,ISR,77,7
ARM,FRA,48,8
ARM,UKR,45,9
ARM,LVA,26,10
ASA,LKA,9,1
ASA,CHN,9,2
ASA,USA,6,3
ASA,NPL,4,4
ASA,MMR,4,5
ASA,DEU,2,6
ASA,PAK,2,7
ASA,AFG,2,8
ASA,EUR,2,9
ASA,SEA,1,10
ASM,USA,20,1
ASM,TON,1,2
ATA,POL,3,1
ATA,DEU,2,2
ATA,NZL,1,3
ATA,GBR,1,4
ATA,AUS,1,5
ATA,FRA,1,6
ATA,ARG,1,7
ATA,IRL,1,8
ATA,NLD,1,9
ATA,NGA,1,10
ATG,GBR,13,1
ATG,USA,11,2
ATG,JPN,7,3
ATG,JAM,5,4
ATG,IND,4,5
ATG,KNA,4,6
ATG,GRD,4,7
ATG,QAT,4,8
ATG,ITA,3,9
ATG,TUV,3,10
AUS,USA,1549,1
AUS,GBR,1020,2
AUS,NZL,549,3
AUS,CAN,338,4
AUS,CHN,327,5
AUS,THA,290,6
AUS,JPN,253,7
AUS,ISR,242,8
AUS,FRA,218,9
AUS,PAK,197,10
AUT,USA,118,1
AUT,DEU,92,2
AUT,EUR,91,3
AUT,SYR,67,4
AUT,GBR,50,5
AUT,FRA,48,6
AUT,TKM,47,7
AUT,RUS,42,8
AUT,IRN,35,9
AUT,ISR,28,10
AZE,ARM,613,1
AZE,USA,224,2
AZE,RUS,195,3
AZE,TUR,167,4
AZE,IRN,158,5
AZE,ISR,145,6
AZE,KAZ,98,7
AZE,TKM,91,8
AZE,EUR,90,9
AZE,UZB,84,10
BDI,CAF,20,1
BDI,SOM,20,2
BDI,SDN,20,3
BDI,COM,20,4
BDI,MLI,16,5
BDI,AFR,12,6
BDI,COD,8,7
BDI,RWA,6,8
BDI,USA,5,9
BDI,MAR,5,10
BEL,EUR,382,1
BEL,USA,166,2
BEL,GBR,104,3
BEL,FRA,103,4
BEL,NLD,99,5
BEL,RUS,91,6
BEL,UKR,88,7
BEL,DEU,81,8
BEL,WST,79,9
BEL,ITA,69,10
BEN,NGA,116,1
BEN,CHE,19,2
BEN,AFR,17,3
BEN,NER,11,4
BEN,CIV,6,5
BEN,BFA,6,6
BEN,USA,4,7
BEN,SGP,2,8
BEN,GHA,2,9
BEN,GMB,2,10
BFA,NER,56,1
BFA,MLI,54,2
BFA,FRA,25,3
BFA,MRT,12,4
BFA,TCD,10,5
BFA,AFR,10,6
BFA,USA,8,7
BFA,BEN,6,8
BFA,NGA,5,9
BFA,GHA,5,10
BGD,IND,332,1
BGD,CHN,221,2
BGD,RUS,133,3
BGD,USA,116,4
BGD,TUR,84,5
BGD,PAK,74,6
BGD,MYS,68,7
BGD,NPL,38,8
BGD,LKA,34,9
BGD,GBR,31,10
BGR,UKR,86,1
BGR,MKD,85,2
BGR,EUR,74,3
BGR,GRC,54,4
BGR,USA,48,5
BGR,CHN,40,6
BGR,AZE,40,7
BGR,RUS,37,8
BGR,TUR,29,9
BGR,WST,25,10
BHR,IRN,747,1
BHR,KWT,319,2
BHR,USA,141,3
BHR,PAK,98,4
BHR,JOR,70,5
BHR,SAU,64,6
BHR,QAT,63,7
BHR,ARE,60,8
BHR,GBR,33,9
BHR,ISR,30,10
BHS,USA,292,1
BHS,JAM,22,2
BHS,AUS,13,3
BHS,GBR,12,4
BHS,MDV,10,5
BHS,CUB,10,6
BHS,NLD,8,7
BHS,DOM,6,8
BHS,HTI,6,9
BHS,COL,5,10
BIH,EUR,5,1
BIH,USA,4,2
BIH,ITA,2,3
BIH,NLD,1,4
BIH,HRV,1,5
BLR,CHN,196,1
BLR,RUS,186,2
BLR,UKR,122,3
BLR,POL,74,4
BLR,GHA,62,5
BLR,USA,61,6
BLR,PRK,49,7
BLR,IDN,38,8
BLR,ISR,33,9
BLR,OMN,27,10
BLZ,USA,23,1
BLZ,CUB,16,2
BLZ,GRD,16,3
BLZ,DMA,12,4
BLZ,MEX,9,5
BLZ,VCT,8,6
BLZ,RUS,6,7
BLZ,GBR,5,8
BLZ,CAN,4,9
BLZ,TUR,4,10
BMU,USA,52,1
BMU,GBR,39,2
BMU,JPN,14,3
BMU,PRT,10,4
BMU,MEX,8,5
BMU,AUS,8,6
BMU,ITA,7,7
BMU,CAN,4,8
BMU,BLZ,3,9
BMU,AIA,2,10
BOL,USA,103,1
BOL,ESP,12,2
BOL,COL,11,3
BOL,MEX,11,4
BOL,CHL,10,5
BOL,PER,9,6
BOL,KOR,9,7
BOL,ARG,8,8
BOL,HND,7,9
BOL,ARE,6,10
BRA,USA,586,1
BRA,CHN,171,2
BRA,FRA,133,3
BRA,GBR,81,4
BRA,KOR,54,5
BRA,AFR,44,6
BRA,AUS,42,7
BRA,PRT,41,8
BRA,EUR,39,9
BRA,VEN,31,10
BRB,JAM,22,1
BRB,USA,18,2
BRB,SEN,16,3
BRB,NAM,16,4
BRB,LBR,16,5
BRB,STP,16,6
BRB,CAN,14,7
BRB,GRC,10,8
BRB,GBR,8,9
BRB,TTO,7,10
BRN,CHN,49,1
BRN,PHL,48,2
BRN,MYS,24,3
BRN,SEA,14,4
BRN,USA,14,5
BRN,IDN,8,6
BRN,SAU,7,7
BRN,TMP,6,8
BRN,AUS,5,9
BRN,GBR,4,10
BTN,IND,23,1
BTN,USA,20,2
BTN,AUS,15,3
BTN,NPL,13,4
BTN,SVK,6,5
BTN,KWT,6,6
BTN,EUR,4,7
BTN,MCO,4,8
BTN,CHN,4,9
BTN,SYC,4,10
BWA,USA,23,1
BWA,AFR,23,2
BWA,ZWE,8,3
BWA,MOZ,8,4
BWA,IRN,8,5
BWA,AGO,7,6
BWA,TZA,6,7
BWA,ZAF,6,8
BWA,NAM,5,9
BWA,ZMB,4,10
CAF,COG,124,1
CAF,USA,72,2
CAF,COD,64,3
CAF,UGA,34,4
CAF,IRN,34,5
CAF,SDN,28,6
CAF,AFR,27,7
CAF,FRA,18,8
CAF,RWA,17,9
CAF,SSD,16,10
CAN,USA,3237,1
CAN,GBR,1072,2
CAN,FRA,805,3
CAN,IRL,597,4
CAN,CHN,490,5
CAN,MEX,472,6
CAN,AUS,353,7
CAN,DEU,324,8
CAN,ISR,311,9
CAN,EUR,219,10
CAS,KGZ,11,1
CAS,SEA,6,2
CAS,AZE,5,3
CAS,RUS,5,4
CAS,KAZ,2,5
CAS,PAK,1,6
CHE,IRN,853,1
CHE,USA,725,2
CHE,FRA,386,3
CHE,PAK,288,4
CHE,EUR,168,5
CHE,GBR,118,6
CHE,QAT,99,7
CHE,CAN,97,8
CHE,DEU,97,9
CHE,ISR,90,10
CHL,USA,148,1
CHL,ESP,40,2
CHL,ARG,33,3
CHL,VEN,31,4
CHL,CUB,28,5
CHL,MEX,24,6
CHL,CAN,21,7
CHL,PHL,19,8
CHL,PER,16,9
CHL,CHN,16,10
CHN,USA,3382,1
CHN,TWN,1161,2
CHN,PRK,1040,3
CHN,RUS,730,4
CHN,JPN,643,5
CHN,KOR,518,6
CHN,CAN,495,7
CHN,PAK,492,8
CHN,GBR,474,9
CHN,IRN,454,10
CIV,GHA,25,1
CIV,FRA,17,2
CIV,AFR,15,3
CIV,VEN,12,4
CIV,NER,9,5
CIV,NGA,8,6
CIV,LBR,8,7
CIV,BEN,6,8
CIV,GBR,6,9
CIV,TGO,6,10
CMR,NGA,57,1
CMR,AFR,29,2
CMR,FRA,19,3
CMR,DEU,18,4
CMR,TCD,9,5
CMR,CHN,9,6
CMR,RUS,8,7
CMR,USA,7,8
CMR,EUR,7,9
CMR,COG,5,10
COD,UGA,130,1
COD,RWA,78,2
COD,USA,76,3
COD,COG,55,4
COD,AFR,38,5
COD,BEL,35,6
COD,CHN,18,7
COD,SSD,17,8
COD,ARE,17,9
COD,CHE,16,10
COG,COD,251,1
COG,USA,154,2
COG,UGA,59,3
COG,AFR,59,4
COG,RWA,26,5
COG,SSD,20,6
COG,CHE,15,7
COG,CHN,13,8
COG,IRN,8,9
COG,GBR,7,10
COK,NZL,7,1
COK,AUS,3,2
COK,CHE,2,3
COK,FRA,1,4
COK,FJI,1,5
COL,USA,366,1
COL,VEN,87,2
COL,ISR,79,3
COL,ECU,59,4
COL,ESP,55,5
COL,CUB,26,6
COL,BRA,23,7
COL,MEX,22,8
COL,PAN,20,9
COL,PER,19,10
COM,CHN,4545,1
COM,USA,591,2
COM,TWN,107,3
COM,GBR,77,4
COM,KOR,69,5
COM,RUS,63,6
COM,EUR,58,7
COM,IRN,54,8
COM,CAN,51,9
COM,JPN,48,10
CPV,CHN,11,1
CPV,USA,5,2
CPV,GBR,5,3
CPV,NLD,4,4
CPV,VEN,4,5
CPV,NGA,3,6
CPV,BMU,2,7
CPV,DJI,1,8
CPV,MOZ,1,9
CPV,PRT,1,10
CRB,JAM,6,1
CRB,GBR,6,2
CRB,FRA,4,3
CRB,IRL,4,4
CRB,GRD,2,5
CRB,VCT,2,6
CRI,USA,32,1
CRI,NIC,24,2
CRI,VEN,16,3
CRI,PAN,13,4
CRI,SLV,7,5
CRI,JPN,6,6
CRI,COL,6,7
CRI,DOM,5,8
CRI,BRA,4,9
CRI,PRT,4,10
CUB,USA,857,1
CUB,VEN,118,2
CUB,RUS,107,3
CUB,MEX,61,4
CUB,ESP,54,5
CUB,CHN,52,6
CUB,IRN,52,7
CUB,CAN,46,8
CUB,EUR,44,9
CUB,AFR,33,10
CYM,USA,26,1
CYM,HRV,4,2
CYM,ABW,4,3
CYM,HND,4,4
CYM,SAU,3,5
CYM,AIA,2,6
CYM,MYS,2,7
CYM,BGD,1,8
CYM,GBR,1,9
CYM,EUR,1,10
CYP,GRC,222,1
CYP,EUR,158,2
CYP,TUR,140,3
CYP,GBR,89,4
CYP,FRA,80,5
CYP,ISR,62,6
CYP,KAZ,53,7
CYP,UKR,40,8
CYP,BEL,36,9
CYP,USA,34,10
CZE,DEU,76,1
CZE,EUR,61,2
CZE,TWN,51,3
CZE,CHN,49,4
CZE,USA,49,5
CZE,UKR,47,6
CZE,ISR,33,7
CZE,FRA,31,8
CZE,HUN,30,9
CZE,WST,28,10
DEU,USA,1264,1
DEU,FRA,938,2
DEU,GBR,746,3
DEU,EUR,603,4
DEU,UKR,540,5
DEU,RUS,539,6
DEU,ITA,334,7
DEU,CAN,311,8
DEU,CHN,246,9
DEU,ISR,243,10
DJI,IRN,51,1
DJI,SAU,37,2
DJI,ISR,27,3
DJI,EGY,20,4
DJI,USA,19,5
DJI,SSD,15,6
DJI,YEM,14,7
DJI,AFR,7,8
DJI,JOR,5,9
DJI,IRQ,5,10
DMA,GRD,21,1
DMA,BLZ,12,2
DMA,JAM,11,3
DMA,VCT,10,4
DMA,GBR,8,5
DMA,MEX,8,6
DMA,USA,6,7
DMA,SYC,4,8
DMA,TTO,4,9
DMA,VEN,4,10
DNK,USA,232,1
DNK,GBR,78,2
DNK,SWE,62,3
DNK,DEU,54,4
DNK,EUR,47,5
DNK,NLD,44,6
DNK,NOR,43,7
DNK,FRA,39,8
DNK,ISR,39,9
DNK,CHN,36,10
DOM,USA,149,1
DOM,IRN,25,2
DOM,VEN,20,3
DOM,GBR,19,4
DOM,CRI,17,5
DOM,CAN,13,6
DOM,JAM,12,7
DOM,ISR,11,8
DOM,BRA,9,9
DOM,HTI,9,10
DZA,FRA,61,1
DZA,GBR,35,2
DZA,USA,24,3
DZA,AFR,23,4
DZA,EUR,21,5
DZA,NGA,14,6
DZA,MAR,12,7
DZA,CAN,10,8
DZA,GHA,9,9
DZA,RUS,9,10
EAF,SGP,5,1
EAF,KEN,5,2
EAF,AFR,5,3
EAF,RWA,4,4
EAF,TZA,2,5
EAF,USA,1,6
ECU,USA,89,1
ECU,COL,47,2
ECU,SLV,26,3
ECU,GBR,21,4
ECU,GTM,12,5
ECU,EUR,12,6
ECU,PER,12,7
ECU,CAN,12,8
ECU,MEX,11,9
ECU,AUS,10,10
EGY,USA,537,1
EGY,ISR,324,2
EGY,IRN,287,3
EGY,QAT,220,4
EGY,PSE,217,5
EGY,FRA,183,6
EGY,SAU,120,7
EGY,PAK,106,8
EGY,TUR,100,9
EGY,ARE,100,10
ERI,EGY,44,1
ERI,ETH,27,2
ERI,AFR,18,3
ERI,SDN,6,4
ERI,AUS,6,5
ERI,CHE,5,6
ERI,POL,4,7
ERI,GBR,4,8
ERI,USA,2,9
ERI,CHN,2,10
ESH,MAR,2,1
ESH,ESP,1,2
ESH,IRN,1,3
ESH,USA,1,4
ESP,USA,841,1
ESP,GBR,434,2
ESP,EUR,240,3
ESP,ITA,206,4
ESP,FRA,192,5
ESP,CHN,136,6
ESP,VEN,133,7
ESP,SLV,115,8
ESP,PRT,76,9
ESP,DEU,73,10
EST,UKR,178,1
EST,LTU,60,2
EST,RUS,53,3
EST,EUR,41,4
EST,LVA,38,5
EST,DEU,37,6
EST,WST,36,7
EST,GBR,32,8
EST,USA,32,9
EST,SWE,32,10
ETH,NGA,160,1
ETH,AFR,132,2
ETH,GBR,57,3
ETH,USA,53,4
ETH,EGY,49,5
ETH,ISR,36,6
ETH,SOM,28,7
ETH,KEN,25,8
ETH,ERI,24,9
ETH,CHN,17,10
EUR,USA,1086,1
EUR,UKR,736,2
EUR,RUS,678,3
EUR,GBR,622,4
EUR,FRA,512,5
EUR,DEU,501,6
EUR,CHN,369,7
EUR,BEL,290,8
EUR,ITA,290,9
EUR,IRN,258,10
FIN,USA,149,1
FIN,RUS,94,2
FIN,SWE,84,3
FIN,WST,74,4
FIN,UKR,63,5
FIN,EUR,61,6
FIN,FRA,56,7
FIN,GBR,47,8
FIN,CHN,39,9
FIN,LVA,33,10
FJI,USA,84,1
FJI,ISR,44,2
FJI,AUS,35,3
FJI,TUV,29,4
FJI,NZL,24,5
FJI,TON,12,6
FJI,MEX,12,7
FJI,NPL,12,8
FJI,CYP,11,9
FJI,SLB,11,10
FRA,USA,3076,1
FRA,GBR,1670,2
FRA,IRN,1182,3
FRA,DEU,973,4
FRA,CAN,806,5
FRA,ISR,796,6
FRA,ITA,757,7
FRA,UKR,736,8
FRA,EUR,708,9
FRA,RUS,662,10
FRO,DNK,1,1
FRO,GBR,1,2
FRO,ESP,1,3
FSM,USA,6,1
FSM,AZE,3,2
FSM,KOR,2,3
FSM,SEA,1,4
FSM,NRU,1,5
GAB,GBR,14918,1
GAB,USA,900,2
GAB,IRL,380,3
GAB,CAN,254,4
GAB,EUR,212,5
GAB,FRA,197,6
GAB,AUS,190,7
GAB,RUS,141,8
GAB,ISR,127,9
GAB,DEU,81,10
GBR,USA,4840,1
GBR,FRA,1719,2
GBR,IRL,1626,3
GBR,CAN,1172,4
GBR,RUS,1079,5
GBR,AUS,998,6
GBR,UKR,922,7
GBR,ISR,855,8
GBR,EUR,820,9
GBR,DEU,749,10
GEO,AZE,38,1
GEO,USA,24,2
GEO,RUS,23,3
GEO,EUR,16,4
GEO,TUR,13,5
GEO,IRN,10,6
GEO,CHN,8,7
GEO,KGZ,6,8
GEO,ARM,5,9
GEO,FRA,4,10
GGY,GBR,9,1
GGY,USA,8,2
GGY,FRA,4,3
GGY,AUT,2,4
GHA,AFR,417,1
GHA,GBR,189,2
GHA,USA,173,3
GHA,NGA,121,4
GHA,AUS,73,5
GHA,BLR,68,6
GHA,FRA,53,7
GHA,KOR,35,8
GHA,DEU,29,9
GHA,ZAF,28,10
GIB,GBR,8,1
GIB,ESP,1,2
GIN,CHN,33,1
GIN,AFR,25,2
GIN,GNB,25,3
GIN,USA,14,4
GIN,SLE,13,5
GIN,LBR,11,6
GIN,WAF,9,7
GIN,SEN,8,8
GIN,IND,8,9
GIN,PLW,7,10
GLP,FRA,8,1
GMB,NGA,27,1
GMB,SEN,26,2
GMB,AFR,19,3
GMB,AUS,18,4
GMB,CAN,13,5
GMB,CHL,10,6
GMB,GBR,7,7
GMB,ZAF,6,8
GMB,USA,6,9
GMB,SLE,6,10
GNB,WAF,21,1
GNB,GIN,14,2
GNB,OMN,13,3
GNB,USA,13,4
GNB,MAR,3,5
GNB,NGA,3,6
GNB,PRT,2,7
GNB,AFR,1,8
GNB,PLW,1,9
GNB,GBR,1,10
GNQ,AFR,32,1
GNQ,ZWE,25,2
GNQ,USA,11,3
GNQ,UGA,5,4
GNQ,GHA,4,5
GNQ,CMR,3,6
GNQ,KEN,2,7
GNQ,NGA,2,8
GNQ,DOM,1,9
GNQ,CHN,1,10
GRC,USA,486,1
GRC,CYP,218,2
GRC,AUS,179,3
GRC,GBR,144,4
GRC,EUR,133,5
GRC,ISR,133,6
GRC,TUR,125,7
GRC,FRA,85,8
GRC,CHN,81,9
GRC,ITA,79,10
GRD,USA,48,1
GRD,VCT,39,2
GRD,GBR,29,3
GRD,DMA,21,4
GRD,JAM,20,5
GRD,IRN,17,6
GRD,BLZ,16,7
GRD,ISR,12,8
GRD,NGA,10,9
GRD,HUN,7,10
GRL,DNK,37,1
GRL,USA,5,2
GRL,EUR,5,3
GRL,IRN,3,4
GRL,IND,2,5
GRL,VEN,2,6
GRL,CAN,1,7
GRL,IRL,1,8
GRL,GBR,1,9
GRL,WST,1,10
GTM,USA,91,1
GTM,MEX,19,2
GTM,SLV,12,3
GTM,ECU,12,4
GTM,HND,10,5
GTM,LUX,9,6
GTM,CAN,9,7
GTM,BEL,7,8
GTM,TCD,7,9
GTM,NOR,7,10
GUM,USA,118,1
GUM,FSM,4,2
GUM,PHL,4,3
GUM,QAT,2,4
GUM,NZL,1,5
GUM,FRA,1,6
GUY,USA,104,1
GUY,CHN,16,2
GUY,VEN,16,3
GUY,CUB,16,4
GUY,NGA,12,5
GUY,TTO,9,6
GUY,CAN,7,7
GUY,GBR,5,8
GUY,BRA,5,9
GUY,SYR,5,10
HKG,CHN,85,1
HKG,KAZ,35,2
HKG,USA,25,3
HKG,UZB,24,4
HKG,TWN,9,5
HKG,AFR,9,6
HKG,SGP,8,7
HKG,GBR,8,8
HKG,AUS,8,9
HKG,THA,7,10
HND,USA,88,1
HND,UKR,31,2
HND,MEX,22,3
HND,SLV,16,4
HND,NIC,11,5
HND,ISR,11,6
HND,GTM,10,7
HND,BOL,7,8
HND,TWN,4,9
HND,EUR,4,10
HRV,USA,37,1
HRV,SWE,17,2
HRV,ISR,13,3
HRV,EUR,13,4
HRV,SRB,10,5
HRV,IRL,9,6
HRV,GBR,8,7
HRV,MLT,6,8
HRV,MCO,5,9
HRV,WST,4,10
HTI,USA,313,1
HTI,SYR,55,2
HTI,DOM,13,3
HTI,VEN,11,4
HTI,CHN,8,5
HTI,CAN,6,6
HTI,BHS,6,7
HTI,AFR,5,8
HTI,PRT,5,9
HTI,TUR,4,10
HUN,UKR,210,1
HUN,EUR,132,2
HUN,USA,89,3
HUN,DEU,71,4
HUN,RUS,58,5
HUN,CHN,41,6
HUN,FRA,37,7
HUN,GBR,34,8
HUN,CZE,31,9
HUN,SVK,31,10
IDN,USA,178,1
IDN,CHN,157,2
IDN,AUS,129,3
IDN,SEA,128,4
IDN,MYS,120,5
IDN,IND,88,6
IDN,SGP,88,7
IDN,RUS,81,8
IDN,TMP,80,9
IDN,CAN,75,10
IND,USA,1928,1
IND,PAK,524,2
IND,FRA,497,3
IND,GBR,483,4
IND,BGD,449,5
IND,NPL,406,6
IND,SVK,380,7
IND,MMR,322,8
IND,JPN,256,9
IND,IRN,238,10
IRL,GBR,1447,1
IRL,CAN,639,2
IRL,USA,604,3
IRL,EUR,332,4
IRL,FRA,243,5
IRL,ISR,184,6
IRL,AUS,120,7
IRL,RUS,97,8
IRL,ESP,66,9
IRL,UKR,54,10
IRN,USA,15341,1
IRN,ISR,7786,2
IRN,LBN,3304,3
IRN,PAK,2075,4
IRN,FRA,1259,5
IRN,QAT,1237,6
IRN,KWT,1088,7
IRN,CHE,811,8
IRN,BHR,766,9
IRN,GBR,656,10
IRQ,IRN,564,1
IRQ,USA,472,2
IRQ,AFG,103,3
IRQ,ISR,95,4
IRQ,GBR,80,5
IRQ,SYR,76,6
IRQ,SAU,56,7
IRQ,TUR,33,8
IRQ,FRA,29,9
IRQ,EGY,26,10
ISL,USA,42,1
ISL,NOR,41,2
ISL,LIE,34,3
ISL,CHE,28,4
ISL,EUR,25,5
ISL,GBR,20,6
ISL,DNK,15,7
ISL,UKR,14,8
ISL,MDA,10,9
ISL,JPN,7,10
ISR,LBN,9523,1
ISR,IRN,7954,2
ISR,USA,6377,3
ISR,PSE,5421,4
ISR,GBR,964,5
ISR,FRA,837,6
ISR,SYR,431,7
ISR,TUR,379,8
ISR,CAN,349,9
ISR,EUR,337,10
ITA,USA,1368,1
ITA,FRA,737,2
ITA,GBR,494,3
ITA,EUR,365,4
ITA,DEU,343,5
ITA,ESP,220,6
ITA,CAN,212,7
ITA,IRN,174,8
ITA,ISR,154,9
ITA,KOR,127,10
JAM,USA,243,1
JAM,GBR,115,2
JAM,CAN,93,3
JAM,CHN,22,4
JAM,GRD,20,5
JAM,BHS,20,6
JAM,BRB,17,7
JAM,DEU,17,8
JAM,GHA,16,9
JAM,CUB,15,10
JEY,USA,276,1
JEY,FRA,4,2
JEY,NOR,3,3
JEY,ZWE,2,4
JEY,DOM,1,5
JEY,NMR,1,6
JEY,IND,1,7
JEY,MDV,1,8
JEY,AUS,1,9
JOR,USA,438,1
JOR,IRN,340,2
JOR,ISR,174,3
JOR,PSE,94,4
JOR,GBR,84,5
JOR,LBN,78,6
JOR,KWT,74,7
JOR,CAN,68,8
JOR,BHR,64,9
JOR,SYR,62,10
JPN,USA,1183,1
JPN,CHN,668,2
JPN,GBR,369,3
JPN,KOR,353,4
JPN,PHL,272,5
JPN,AUS,250,6
JPN,FRA,208,7
JPN,CAN,191,8
JPN,IND,164,9
JPN,TWN,158,10
KAZ,UZB,165,1
KAZ,RUS,148,2
KAZ,AZE,95,3
KAZ,CHN,92,4
KAZ,USA,85,5
KAZ,KGZ,81,6
KAZ,CYP,56,7
KAZ,TJK,41,8
KAZ,IRN,40,9
KAZ,SAU,28,10
KEN,AFR,313,1
KEN,USA,312,2
KEN,UGA,85,3
KEN,CHN,75,4
KEN,GBR,52,5
KEN,NGA,51,6
KEN,TZA,50,7
KEN,EUR,48,8
KEN,TWN,43,9
KEN,FRA,43,10
KGZ,CHN,99,1
KGZ,UZB,88,2
KGZ,KAZ,82,3
KGZ,TJK,50,4
KGZ,RUS,44,5
KGZ,IRN,36,6
KGZ,AZE,36,7
KGZ,USA,24,8
KGZ,PAK,19,9
KGZ,TKM,18,10
KHM,THA,247,1
KHM,CHN,149,2
KHM,VNM,101,3
KHM,USA,72,4
KHM,LAO,66,5
KHM,SEA,46,6
KHM,JPN,41,7
KHM,AZE,37,8
KHM,KOR,35,9
KHM,IDN,33,10
KIR,FJI,8,1
KIR,VUT,8,2
KIR,SLB,6,3
KIR,TUV,6,4
KIR,CHN,4,5
KIR,ZWE,2,6
KIR,PNG,2,7
KIR,EUR,2,8
KIR,TON,2,9
KIR,SLV,2,10
KNA,GBR,101,1
KNA,USA,18,2
KNA,TTO,6,3
KNA,MEX,6,4
KNA,SDN,4,5
KNA,ATG,4,6
KNA,FJI,4,7
KNA,LCA,4,8
KNA,NZL,4,9
KNA,JAM,4,10
KOR,USA,794,1
KOR,PRK,558,2
KOR,CHN,523,3
KOR,JPN,355,4
KOR,CAN,155,5
KOR,EUR,142,6
KOR,ITA,131,7
KOR,TWN,95,8
KOR,FRA,89,9
KOR,RUS,70,10
KWT,IRN,1091,1
KWT,BHR,297,2
KWT,USA,237,3
KWT,SAU,90,4
KWT,QAT,80,5
KWT,JOR,72,6
KWT,EGY,56,7
KWT,ARE,54,8
KWT,OMN,41,9
KWT,ISR,31,10
LAM,AUS,4,1
LAO,CHN,212,1
LAO,VNM,80,2
LAO,KHM,68,3
LAO,USA,61,4
LAO,JPN,31,5
LAO,SEA,23,6
LAO,THA,22,7
LAO,RUS,20,8
LAO,MMR,17,9
LAO,IND,16,10
LBN,ISR,9508,1
LBN,IRN,3412,2
LBN,USA,1940,3
LBN,PAK,467,4
LBN,SYR,282,5
LBN,FRA,249,6
LBN,PSE,174,7
LBN,SAU,118,8
LBN,QAT,91,9
LBN,JOR,82,10
LBR,CHN,81,1
LBR,USA,56,2
LBR,AFR,43,3
LBR,SEN,24,4
LBR,STP,24,5
LBR,NAM,20,6
LBR,BRB,16,7
LBR,KOR,16,8
LBR,CAN,14,9
LBR,NGA,13,10
LBY,USA,50,1
LBY,NGA,21,2
LBY,PAK,21,3
LBY,EGY,19,4
LBY,ITA,18,5
LBY,SDN,15,6
LBY,TUN,13,7
LBY,GRC,12,8
LBY,AFR,12,9
LBY,TUR,11,10
LCA,USA,20,1
LCA,GBR,11,2
LCA,JAM,6,3
LCA,TTO,5,4
LCA,KNA,4,5
LCA,CAN,4,6
LCA,MUS,4,7
LCA,FRA,2,8
LCA,ATG,2,9
LCA,DMA,2,10
LIE,ISL,34,1
LIE,CHE,28,2
LIE,NOR,28,3
LIE,ISR,7,4
LIE,USA,7,5
LIE,SWE,6,6
LIE,EUR,5,7
LIE,BTN,4,8
LIE,FIN,3,9
LIE,DEU,3,10
LKA,USA,90,1
LKA,GBR,60,2
LKA,JPN,43,3
LKA,BGD,39,4
LKA,IND,39,5
LKA,CHN,37,6
LKA,EUR,28,7
LKA,MDV,26,8
LKA,ISR,25,9
LKA,AUS,24,10
LSO,AFR,17,1
LSO,USA,9,2
LSO,ZAF,9,3
LSO,TZA,4,4
LSO,KEN,3,5
LSO,UGA,2,6
LSO,THA,2,7
LSO,BWA,2,8
LSO,JPN,1,9
LSO,CHN,1,10
LTU,UKR,117,1
LTU,POL,76,2
LTU,RUS,68,3
LTU,EST,61,4
LTU,USA,45,5
LTU,WST,45,6
LTU,EUR,45,7
LTU,SWE,43,8
LTU,DEU,33,9
LTU,LVA,29,10
LUX,EUR,91,1
LUX,FRA,40,2
LUX,GBR,35,3
LUX,SWE,34,4
LUX,UKR,29,5
LUX,USA,26,6
LUX,BRA,24,7
LUX,IRL,20,8
LUX,BEL,20,9
LUX,CAN,19,10
LVA,UKR,93,1
LVA,WST,58,2
LVA,RUS,57,3
LVA,EUR,40,4
LVA,EST,36,5
LVA,LTU,32,6
LVA,SWE,30,7
LVA,FIN,26,8
LVA,ARM,23,9
LVA,FRA,20,10
MAC,CHN,18,1
MAC,GBR,4,2
MAC,TUR,2,3
MAC,DEU,2,4
MAC,ESP,1,5
MAC,SGP,1,6
MAC,USA,1,7
MAC,PHL,1,8
MAR,FRA,78,1
MAR,AFR,59,2
MAR,USA,53,3
MAR,ESP,39,4
MAR,CHN,34,5
MAR,ARE,31,6
MAR,GBR,27,7
MAR,BHR,20,8
MAR,SEN,18,9
MAR,EUR,17,10
MCO,USA,139,1
MCO,UKR,131,2
MCO,FRA,127,3
MCO,GBR,40,4
MCO,ESP,37,5
MCO,CAN,30,6
MCO,BEL,20,7
MCO,DEU,17,8
MCO,JOR,16,9
MCO,JPN,15,10
MDA,UKR,140,1
MDA,EUR,99,2
MDA,RUS,53,3
MDA,ISL,10,4
MDA,HUN,8,5
MDA,CHN,7,6
MDA,USA,6,7
MDA,NGA,6,8
MDA,GBR,5,9
MDA,CYP,4,10
MDG,RUS,28,1
MDG,IDN,15,2
MDG,AFR,15,3
MDG,USA,9,4
MDG,COM,9,5
MDG,EUR,7,6
MDG,CHN,7,7
MDG,BRA,6,8
MDG,GBR,5,9
MDG,SAF,5,10
MDV,USA,245,1
MDV,GBR,51,2
MDV,LKA,30,3
MDV,AUS,26,4
MDV,NGA,20,5
MDV,MEX,16,6
MDV,IRL,16,7
MDV,FRA,10,8
MDV,CAN,10,9
MDV,DEU,9,10
MEA,EGY,27,1
MEA,IRN,23,2
MEA,ISR,15,3
MEA,IND,13,4
MEA,LBN,12,5
MEA,USA,8,6
MEA,OMN,7,7
MEA,SOM,6,8
MEA,PAK,6,9
MEA,SAU,2,10
MEX,USA,2054,1
MEX,CAN,522,2
MEX,ESP,78,3
MEX,CUB,64,4
MEX,VEN,50,5
MEX,GBR,50,6
MEX,CHN,44,7
MEX,DEU,43,8
MEX,NMR,35,9
MEX,EUR,33,10
MHL,USA,16,1
MHL,JPN,13,2
MHL,NGA,5,3
MHL,PHL,4,4
MHL,KIR,2,5
MHL,OMN,2,6
MHL,AUS,2,7
MHL,FJI,2,8
MHL,SGP,1,9
MHL,TWN,1,10
MKD,BGR,91,1
MKD,TUR,38,2
MKD,GRC,21,3
MKD,SRB,21,4
MKD,EUR,20,5
MKD,ALB,5,6
MKD,WST,4,7
MKD,EGY,4,8
MKD,POL,4,9
MKD,CHN,4,10
MLI,NER,89,1
MLI,BFA,57,2
MLI,FRA,37,3
MLI,SDN,12,4
MLI,CAF,12,5
MLI,COM,10,6
MLI,SOM,10,7
MLI,AFR,9,8
MLI,BDI,8,9
MLI,RUS,7,10
MLT,EUR,9,1
MLT,TZA,7,2
MLT,MAR,7,3
MLT,SWE,6,4
MLT,HRV,6,5
MLT,ITA,6,6
MLT,FRA,5,7
MLT,GBR,4,8
MLT,QAT,4,9
MLT,ARE,4,10
MMR,CHN,228,1
MMR,IND,121,2
MMR,USA,88,3
MMR,THA,57,4
MMR,SEA,37,5
MMR,GBR,23,6
MMR,IDN,21,7
MMR,RUS,18,8
MMR,BGD,14,9
MMR,AFG,13,10
MNE,EUR,11,1
MNE,USA,7,2
MNE,LVA,6,3
MNE,LUX,4,4
MNE,AZE,4,5
MNE,SRB,3,6
MNE,KAZ,3,7
MNE,HRV,2,8
MNE,IRL,2,9
MNE,FRA,2,10
MNG,CHN,189,1
MNG,IND,19,2
MNG,RUS,17,3
MNG,USA,14,4
MNG,TWN,13,5
MNG,GBR,11,6
MNG,JPN,10,7
MNG,KOR,7,8
MNG,NOR,6,9
MNG,AZE,4,10
MNP,USA,10,1
MOZ,AFR,164,1
MOZ,ZAF,56,2
MOZ,MWI,28,3
MOZ,NGA,22,4
MOZ,CHN,21,5
MOZ,USA,19,6
MOZ,KEN,15,7
MOZ,ETH,12,8
MOZ,UGA,12,9
MOZ,TZA,10,10
MRT,BFA,12,1
MRT,EUR,10,2
MRT,TUN,9,3
MRT,SEN,8,4
MRT,MAR,7,5
MRT,TCD,6,6
MRT,NER,6,7
MRT,ESP,6,8
MRT,MLI,6,9
MRT,RWA,4,10
MSR,GBR,33,1
MSR,ESP,10,2
MSR,VAT,3,3
MSR,MEX,2,4
MSR,USA,2,5
MSR,PER,2,6
MTQ,TTO,2,1
MTQ,BRA,1,2
MTQ,VEN,1,3
MUS,USA,47,1
MUS,GBR,37,2
MUS,SYC,30,3
MUS,IND,12,4
MUS,AFR,11,5
MUS,ZAF,10,6
MUS,CAN,6,7
MUS,LKA,6,8
MUS,CHN,6,9
MUS,ETH,5,10
MWI,AFR,282,1
MWI,ZAF,122,2
MWI,MOZ,35,3
MWI,ZWE,34,4
MWI,USA,18,5
MWI,CHN,15,6
MWI,TZA,13,7
MWI,GHA,9,8
MWI,JPN,9,9
MWI,NGA,9,10
MYS,CHN,135,1
MYS,SEA,126,2
MYS,IDN,118,3
MYS,THA,98,4
MYS,SGP,95,5
MYS,USA,94,6
MYS,TKM,92,7
MYS,JPN,63,8
MYS,BGD,61,9
MYS,UZB,44,10
NAM,AFR,62,1
NAM,AGO,26,2
NAM,SEN,24,3
NAM,STP,24,4
NAM,USA,21,5
NAM,LBR,20,6
NAM,BRB,16,7
NAM,DEU,16,8
NAM,AUS,15,9
NAM,ZAF,15,10
NCL,FRA,23,1
NCL,NZL,4,2
NCL,USA,3,3
NCL,CAN,2,4
NCL,MDG,1,5
NER,NGA,101,1
NER,MLI,96,2
NER,BFA,54,3
NER,FRA,27,4
NER,AFR,25,5
NER,RUS,15,6
NER,ITA,14,7
NER,TUR,13,8
NER,WAF,12,9
NER,GBR,11,10
NGA,AFR,1053,1
NGA,USA,566,2
NGA,GBR,304,3
NGA,ZAF,181,4
NGA,ETH,168,5
NGA,CHN,156,6
NGA,NER,138,7
NGA,GHA,111,8
NGA,BEN,81,9
NGA,SAU,77,10
NIC,USA,54,1
NIC,CRI,25,2
NIC,ARG,20,3
NIC,RUS,20,4
NIC,CHE,18,5
NIC,VEN,11,6
NIC,COL,10,7
NIC,HND,7,8
NIC,AUS,6,9
NIC,CUB,5,10
NLD,USA,433,1
NLD,GBR,193,2
NLD,DEU,159,3
NLD,EUR,123,4
NLD,FRA,100,5
NLD,BEL,93,6
NLD,ESP,65,7
NLD,SWE,62,8
NLD,CHN,55,9
NLD,UKR,52,10
NMR,USA,419,1
NMR,CAN,63,2
NMR,EUR,54,3
NMR,MEX,35,4
NMR,GBR,31,5
NMR,KOR,18,6
NMR,ISR,16,7
NMR,JPN,11,8
NMR,CHN,11,9
NMR,AUS,10,10
NOR,GBR,195,1
NOR,USA,149,2
NOR,AUS,136,3
NOR,ISR,133,4
NOR,FRA,112,5
NOR,JPN,95,6
NOR,CAN,72,7
NOR,EUR,49,8
NOR,SWE,47,9
NOR,CHN,45,10
NPL,CHN,259,1
NPL,IND,202,2
NPL,GBR,91,3
NPL,USA,72,4
NPL,BGD,34,5
NPL,BTN,19,6
NPL,LKA,16,7
NPL,SAS,13,8
NPL,PAK,12,9
NPL,MEX,12,10
NRU,AUS,27,1
NRU,FJI,6,2
NRU,TUV,6,3
NRU,PNG,4,4
NRU,CHN,2,5
NRU,FSM,1,6
NRU,USA,1,7
NRU,JPN,1,8
NZL,AUS,516,1
NZL,USA,226,2
NZL,CHN,181,3
NZL,GBR,165,4
NZL,FRA,88,5
NZL,CAN,71,6
NZL,ISR,64,7
NZL,JPN,48,8
NZL,WSM,41,9
NZL,TWN,37,10
OMN,IRN,622,1
OMN,USA,275,2
OMN,FRA,180,3
OMN,SAU,78,4
OMN,IND,78,5
OMN,ARE,74,6
OMN,QAT,64,7
OMN,PLW,47,8
OMN,KWT,36,9
OMN,BLR,29,10
PAK,IRN,2090,1
PAK,USA,1126,2
PAK,AFG,892,3
PAK,CHN,496,4
PAK,LBN,493,5
PAK,QAT,376,6
PAK,IND,359,7
PAK,SAU,333,8
PAK,GBR,310,9
PAK,CHE,295,10
PAN,USA,69,1
PAN,VEN,32,2
PAN,IRN,27,3
PAN,COL,20,4
PAN,CRI,15,5
PAN,CUB,9,6
PAN,CAN,8,7
PAN,GTM,7,8
PAN,RUS,7,9
PAN,PRY,6,10
PER,USA,182,1
PER,ESP,44,2
PER,ARG,22,3
PER,MEX,19,4
PER,COL,18,5
PER,RUS,18,6
PER,CHL,15,7
PER,VAT,14,8
PER,KOR,12,9
PER,ECU,12,10
PGS,IRN,156,1
PGS,USA,35,2
PGS,KWT,21,3
PGS,SAU,20,4
PGS,ISR,20,5
PGS,BHR,20,6
PGS,IRQ,14,7
PGS,OMN,13,8
PGS,ARE,7,9
PGS,QAT,5,10
PHL,USA,481,1
PHL,CHN,440,2
PHL,JPN,275,3
PHL,VNM,232,4
PHL,SEA,169,5
PHL,RUS,151,6
PHL,CAN,114,7
PHL,DEU,87,8
PHL,AUS,76,9
PHL,ESP,74,10
PLW,USA,45,1
PLW,TWN,44,2
PLW,OMN,30,3
PLW,IRN,8,4
PLW,JPN,8,5
PLW,GIN,6,6
PLW,CHN,5,7
PLW,FJI,5,8
PLW,AUS,5,9
PLW,IND,5,10
PNG,AUS,71,1
PNG,USA,21,2
PNG,SEA,19,3
PNG,CHN,17,4
PNG,SLB,15,5
PNG,EUR,9,6
PNG,IND,7,7
PNG,FJI,7,8
PNG,KOR,6,9
PNG,NZL,5,10
POL,UKR,468,1
POL,USA,342,2
POL,PRT,260,3
POL,DEU,247,4
POL,RUS,226,5
POL,GBR,126,6
POL,EUR,112,7
POL,FRA,93,8
POL,LTU,79,9
POL,SWE,76,10
PRI,USA,73,1
PRI,IRL,2,2
PRI,MYS,1,3
PRI,NPL,1,4
PRK,CHN,1046,1
PRK,KOR,520,2
PRK,RUS,330,3
PRK,USA,245,4
PRK,BLR,50,5
PRK,JPN,42,6
PRK,FRA,24,7
PRK,UKR,22,8
PRK,VNM,20,9
PRK,IRN,16,10
PRT,POL,331,1
PRT,USA,212,2
PRT,GBR,144,3
PRT,EUR,102,4
PRT,ESP,83,5
PRT,FRA,72,6
PRT,DEU,45,7
PRT,CHN,38,8
PRT,BRA,33,9
PRT,UKR,31,10
PRY,ISR,49,1
PRY,USA,28,2
PRY,TWN,20,3
PRY,CHL,10,4
PRY,BRA,9,5
PRY,PAN,6,6
PRY,JPN,4,7
PRY,EUR,4,8
PRY,DEU,3,9
PRY,CRI,3,10
PSE,ISR,4065,1
PSE,USA,465,2
PSE,GBR,284,3
PSE,IRN,213,4
PSE,EGY,207,5
PSE,LBN,156,6
PSE,FRA,116,7
PSE,CAN,111,8
PSE,JOR,89,9
PSE,TUR,82,10
PYF,FRA,5,1
QAT,IRN,1212,1
QAT,USA,656,2
QAT,PAK,346,3
QAT,EGY,225,4
QAT,ISR,213,5
QAT,FRA,162,6
QAT,ARE,147,7
QAT,SAU,132,8
QAT,CHE,99,9
QAT,GBR,97,10
REU,GBR,3,1
REU,USA,3,2
REU,AUS,1,3
ROU,ISR,75,1
ROU,UKR,71,2
ROU,EUR,69,3
ROU,RUS,58,4
ROU,USA,57,5
ROU,GBR,47,6
ROU,WST,42,7
ROU,FRA,18,8
ROU,DEU,17,9
ROU,TUR,17,10
RUS,UKR,7381,1
RUS,USA,1965,2
RUS,GBR,1051,3
RUS,ARM,854,4
RUS,EUR,767,5
RUS,CHN,741,6
RUS,FRA,672,7
RUS,IRN,546,8
RUS,DEU,536,9
RUS,PRK,343,10
RWA,GBR,105,1
RWA,COD,95,2
RWA,AFR,66,3
RWA,USA,46,4
RWA,KEN,35,5
RWA,UGA,34,6
RWA,FRA,30,7
RWA,RUS,29,8
RWA,COG,20,9
RWA,SOM,18,10
SAF,AFR,17,1
SAF,ZWE,8,2
SAF,MOZ,5,3
SAF,MDG,4,4
SAF,DEU,3,5
SAF,MWI,3,6
SAF,WAF,3,7
SAF,NAM,1,8
SAF,ZMB,1,9
SAM,EUR,1,1
SAS,USA,30,1
SAS,GBR,18,2
SAS,BGD,16,3
SAS,PAK,16,4
SAS,IRN,13,5
SAS,NPL,13,6
SAS,AFR,10,7
SAS,TUR,8,8
SAS,CHN,6,9
SAS,EUR,6,10
SAU,PAK,325,1
SAU,IRN,280,2
SAU,USA,261,3
SAU,TUR,167,4
SAU,CHN,155,5
SAU,QAT,138,6
SAU,EGY,125,7
SAU,LBN,114,8
SAU,ISR,108,9
SAU,KWT,98,10
SDN,GBR,292,1
SDN,SSD,102,2
SDN,EGY,68,3
SDN,USA,62,4
SDN,IRL,60,5
SDN,SOM,48,6
SDN,TCD,44,7
SDN,TUR,44,8
SDN,UGA,34,9
SDN,CAF,24,10
SEA,RUS,265,1
SEA,CHN,149,2
SEA,PHL,133,3
SEA,IDN,119,4
SEA,MYS,92,5
SEA,THA,78,6
SEA,VNM,72,7
SEA,USA,59,8
SEA,SGP,52,9
SEA,KHM,41,10
SEN,FRA,37,1
SEN,GMB,30,2
SEN,AFR,29,3
SEN,NAM,24,4
SEN,STP,24,5
SEN,LBR,24,6
SEN,USA,19,7
SEN,MAR,18,8
SEN,CHN,17,9
SEN,BRB,16,10
SGP,USA,206,1
SGP,CHN,117,2
SGP,TZA,110,3
SGP,MYS,102,4
SGP,IDN,97,5
SGP,AUS,91,6
SGP,VNM,72,7
SGP,IND,63,8
SGP,SEA,61,9
SGP,THA,49,10
SHN,USA,4,1
SHN,JPN,2,2
SHN,FRA,1,3
SLB,AUS,91,1
SLB,CHN,37,2
SLB,NZL,23,3
SLB,PNG,15,4
SLB,USA,13,5
SLB,VUT,11,6
SLB,FJI,11,7
SLB,TON,10,8
SLB,ISR,6,9
SLB,TUV,6,10
SLE,GBR,18,1
SLE,AFR,15,2
SLE,USA,15,3
SLE,GIN,13,4
SLE,BEL,11,5
SLE,NOR,9,6
SLE,NLD,9,7
SLE,SYR,7,8
SLE,LBR,7,9
SLE,GMB,6,10
SLV,ESP,1653,1
SLV,USA,316,2
SLV,EUR,78,3
SLV,VEN,53,4
SLV,GBR,51,5
SLV,MEX,34,6
SLV,FRA,27,7
SLV,TTO,26,8
SLV,ITA,25,9
SLV,ECU,23,10
SMR,ITA,7,1
SMR,CHN,6,2
SMR,USA,5,3
SMR,CYP,1,4
SMR,PER,1,5
SOM,ISR,289,1
SOM,PAK,182,2
SOM,USA,171,3
SOM,TUR,59,4
SOM,JOR,55,5
SOM,GBR,45,6
SOM,SDN,44,7
SOM,ETH,30,8
SOM,AFR,26,9
SOM,IRL,24,10
SRB,CHN,56,1
SRB,RUS,55,2
SRB,EUR,50,3
SRB,AZE,41,4
SRB,ALB,29,5
SRB,MKD,21,6
SRB,USA,17,7
SRB,LBN,12,8
SRB,HRV,11,9
SRB,GRC,11,10
SSD,SDN,72,1
SSD,UGA,34,2
SSD,USA,31,3
SSD,AFR,23,4
SSD,EGY,20,5
SSD,COD,19,6
SSD,VNM,19,7
SSD,CHN,16,8
SSD,ISR,14,9
SSD,KEN,14,10
STP,NAM,24,1
STP,SEN,24,2
STP,LBR,24,3
STP,BRB,16,4
STP,IDN,1,5
SUR,EUR,8,1
SUR,CHN,6,2
SUR,GUY,5,3
SUR,DOM,3,4
SUR,USA,3,5
SUR,FRA,2,6
SUR,CUB,1,7
SUR,CRB,1,8
SVK,FRA,342,1
SVK,IND,94,2
SVK,EUR,88,3
SVK,TKM,33,4
SVK,UKR,33,5
SVK,HUN,30,6
SVK,AZE,20,7
SVK,ARE,18,8
SVK,DEU,15,9
SVK,ITA,13,10
SVN,ISR,48,1
SVN,THA,6,2
SVN,HRV,5,3
SVN,EUR,5,4
SVN,USA,4,5
SVN,SVK,4,6
SVN,BGR,3,7
SVN,IRL,3,8
SVN,AZE,3,9
SVN,PSE,3,10
SWE,USA,123,1
SWE,UKR,97,2
SWE,EUR,94,3
SWE,FIN,80,4
SWE,POL,78,5
SWE,DNK,58,6
SWE,NLD,55,7
SWE,GBR,50,8
SWE,RUS,49,9
SWE,LTU,48,10
SWZ,CHN,7,1
SWZ,TWN,6,2
SWZ,AUS,1,3
SWZ,AFR,1,4
SYC,AUS,101,1
SYC,GBR,30,2
SYC,MUS,28,3
SYC,CHN,22,4
SYC,IND,20,5
SYC,AFR,19,6
SYC,ISR,12,7
SYC,USA,9,8
SYC,NZL,7,9
SYC,GHA,7,10
SYR,ISR,432,1
SYR,USA,336,2
SYR,LBN,280,3
SYR,AUS,165,4
SYR,TUR,162,5
SYR,GBR,84,6
SYR,RUS,81,7
SYR,IRN,79,8
SYR,IRQ,71,9
SYR,AUT,63,10
TCD,USA,209,1
TCD,NGA,54,2
TCD,SDN,51,3
TCD,AZE,25,4
TCD,CMR,11,5
TCD,BFA,10,6
TCD,NER,8,7
TCD,CHN,8,8
TCD,MLI,8,9
TCD,KOR,7,10
TGO,RWA,15,1
TGO,AFR,14,2
TGO,NGA,8,3
TGO,CIV,6,4
TGO,CAN,6,5
TGO,FRA,5,6
TGO,BRA,4,7
TGO,GHA,4,8
TGO,SYC,2,9
TGO,CHE,2,10
THA,AUS,294,1
THA,KHM,267,2
THA,CHN,176,3
THA,USA,170,4
THA,VNM,111,5
THA,MYS,109,6
THA,SEA,99,7
THA,MMR,83,8
THA,GBR,83,9
THA,IND,74,10
TJK,UZB,74,1
TJK,USA,47,2
TJK,KGZ,46,3
TJK,KAZ,39,4
TJK,CHN,26,5
TJK,RUS,23,6
TJK,TKM,17,7
TJK,AZE,16,8
TJK,EUR,9,9
TJK,DEU,8,10
TKM,AZE,92,1
TKM,MYS,87,2
TKM,JPN,46,3
TKM,AUT,45,4
TKM,UZB,39,5
TKM,IRN,37,6
TKM,CHN,37,7
TKM,SVK,32,8
TKM,TUR,29,9
TKM,RUS,24,10
TLS,TMP,28,1
TLS,IDN,9,2
TLS,SEA,4,3
TLS,SSD,2,4
TLS,KHM,1,5
TLS,IRQ,1,6
TLS,USA,1,7
TMP,IDN,74,1
TMP,VNM,38,2
TMP,SEA,29,3
TMP,NZL,20,4
TMP,PHL,8,5
TMP,MMR,6,6
TMP,BRN,6,7
TMP,AUS,6,8
TMP,LAO,5,9
TMP,KHM,4,10
TON,NZL,18,1
TON,FJI,13,2
TON,SLB,10,3
TON,AUS,9,4
TON,VUT,6,5
TON,TUV,6,6
TON,PLW,3,7
TON,ITA,3,8
TON,KIR,2,9
TON,USA,1,10
TTO,USA,63,1
TTO,ESP,12,2
TTO,GBR,11,3
TTO,FJI,10,4
TTO,VEN,10,5
TTO,MEX,10,6
TTO,NPL,10,7
TTO,CUB,10,8
TTO,CYP,10,9
TTO,NAM,10,10
TUN,USA,130,1
TUN,AFR,20,2
TUN,LBY,17,3
TUN,GBR,10,4
TUN,MRT,9,5
TUN,ESP,9,6
TUN,OMN,9,7
TUN,FRA,9,8
TUN,AUS,8,9
TUN,AFG,6,10
TUR,USA,495,1
TUR,ISR,386,2
TUR,RUS,266,3
TUR,IRN,262,4
TUR,WST,230,5
TUR,ARM,215,6
TUR,GBR,206,7
TUR,PAK,170,8
TUR,SAU,169,9
TUR,SYR,165,10
TUV,AUS,36,1
TUV,FJI,25,2
TUV,TUR,13,3
TUV,NRU,10,4
TUV,PNG,8,5
TUV,NZL,6,6
TUV,VUT,6,7
TUV,KIR,6,8
TUV,UZB,6,9
TUV,TON,6,10
TWN,CHN,1174,1
TWN,USA,543,2
TWN,JPN,148,3
TWN,KOR,99,4
TWN,CZE,53,5
TWN,PLW,52,6
TWN,PHL,51,7
TWN,KEN,41,8
TWN,NZL,38,9
TWN,POL,34,10
TZA,RUS,135,1
TZA,SGP,122,2
TZA,AFR,120,3
TZA,USA,53,4
TZA,KEN,51,5
TZA,CHN,50,6
TZA,UGA,26,7
TZA,JOR,24,8
TZA,GHA,22,9
TZA,ZAF,19,10
UGA,COD,159,1
UGA,AFR,150,2
UGA,KEN,105,3
UGA,USA,104,4
UGA,ISR,38,5
UGA,SSD,36,6
UGA,GBR,36,7
UGA,COG,35,8
UGA,ARE,33,9
UGA,DEU,32,10
UKR,RUS,7313,1
UKR,USA,1109,2
UKR,GBR,956,3
UKR,EUR,839,4
UKR,FRA,725,5
UKR,DEU,545,6
UKR,POL,483,7
UKR,IRN,271,8
UKR,WST,256,9
UKR,HUN,217,10
URY,USA,45,1
URY,ARG,30,2
URY,CHN,11,3
URY,BRA,10,4
URY,MEX,8,5
URY,PER,6,6
URY,FRA,6,7
URY,JPN,6,8
URY,GBR,4,9
URY,CUB,4,10
USA,IRN,14617,1
USA,ISR,6002,2
USA,GBR,4819,3
USA,CAN,3308,4
USA,CHN,3216,5
USA,FRA,3149,6
USA,MEX,2005,7
USA,RUS,1836,8
USA,LBN,1825,9
USA,AUS,1536,10
UZB,KAZ,158,1
UZB,KGZ,80,2
UZB,AZE,78,3
UZB,TJK,77,4
UZB,RUS,60,5
UZB,MYS,43,6
UZB,TKM,39,7
UZB,CHN,38,8
UZB,EGY,37,9
UZB,AFG,32,10
VAT,ITA,86,1
VAT,ESP,62,2
VAT,USA,56,3
VAT,IRN,23,4
VAT,KOR,22,5
VAT,ISR,18,6
VAT,EUR,17,7
VAT,FRA,15,8
VAT,KAZ,13,9
VAT,PER,12,10
VCT,USA,65,1
VCT,GRD,39,2
VCT,DMA,10,3
VCT,BLZ,8,4
VCT,GBR,6,5
VCT,TCD,3,6
VCT,AUS,3,7
VCT,PRT,3,8
VCT,CUB,3,9
VCT,COL,3,10
VEN,USA,875,1
VEN,ESP,180,2
VEN,CUB,117,3
VEN,COL,85,4
VEN,IRN,82,5
VEN,IND,82,6
VEN,TUR,79,7
VEN,MEX,57,8
VEN,SLV,39,9
VEN,CAN,39,10
VIR,GBR,10,1
VIR,USA,2,2
VIR,VEN,1,3
VIR,CHE,1,4
VNM,USA,438,1
VNM,PHL,238,2
VNM,CHN,153,3
VNM,RUS,107,4
VNM,THA,107,5
VNM,KHM,106,6
VNM,SEA,93,7
VNM,SGP,71,8
VNM,LAO,68,9
VNM,IDN,62,10
VUT,AUS,126,1
VUT,CHN,25,2
VUT,SLB,9,3
VUT,KIR,8,4
VUT,FRA,8,5
VUT,NZL,7,6
VUT,TON,6,7
VUT,FJI,6,8
VUT,TUV,6,9
VUT,IDN,4,10
WAF,NGA,23,1
WAF,GNB,21,2
WAF,SEN,12,3
WAF,AFR,9,4
WAF,GIN,9,5
WAF,GHA,6,6
WAF,LBR,5,7
WAF,USA,4,8
WAF,SAF,3,9
WAF,NLD,3,10
WSM,USA,57,1
WSM,NZL,38,2
WSM,AUS,18,3
WSM,VNM,10,4
WSM,ITA,7,5
WSM,PNG,7,6
WSM,SEA,4,7
WSM,KOR,2,8
WSM,SLB,2,9
WSM,GRD,2,10
WST,RUS,236,1
WST,UKR,213,2
WST,USA,209,3
WST,TUR,196,4
WST,EUR,148,5
WST,GBR,103,6
WST,DEU,73,7
WST,POL,69,8
WST,BEL,69,9
WST,FIN,66,10
XKX,EUR,8,1
XKX,USA,6,2
XKX,IND,4,3
XKX,ALB,3,4
XKX,SAU,3,5
XKX,LBY,1,6
XKX,WST,1,7
XKX,SRB,1,8
YEM,IRN,90,1
YEM,ISR,87,2
YEM,SAU,73,3
YEM,LBN,47,4
YEM,SYR,42,5
YEM,USA,31,6
YEM,PSE,19,7
YEM,DJI,14,8
YEM,PAK,14,9
YEM,DEU,12,10
ZAF,AFR,4240,1
ZAF,NGA,236,2
ZAF,USA,187,3
ZAF,MWI,160,4
ZAF,MOZ,87,5
ZAF,ZWE,79,6
ZAF,GBR,74,7
ZAF,KEN,50,8
ZAF,GHA,45,9
ZAF,CHN,45,10
ZMB,AFR,34,1
ZMB,USA,29,2
ZMB,ZWE,20,3
ZMB,CHN,17,4
ZMB,GBR,15,5
ZMB,FRA,14,6
ZMB,BRA,11,7
ZMB,ZAF,6,8
ZMB,UGA,4,9
ZMB,PER,4,10
ZWE,AFR,218,1
ZWE,ZAF,77,2
ZWE,AUS,63,3
ZWE,GBR,59,4
ZWE,USA,55,5
ZWE,CHN,49,6
ZWE,MWI,38,7
ZWE,KEN,25,8
ZWE,GNQ,24,9
ZWE,RUS,17,10
