country,risk_score,confidence,feature_date,trend,name,level
SV,0.42503486230969434,0.068,2026-09-06,,SV,MODERATE
FG,0.135,0.012,2026-09-20,,FG,LOW
BD,0.1176875225485613,0.5814,2026-10-02,decreasing,Bermuda,LOW
HK,0.5564162104328475,0.6,2026-10-02,increasing,Hong Kong,ELEVATED
EK,0.45326921025911976,0.1918,2026-10-02,increasing,Equatorial Guinea,MODERATE
UG,0.6087657282749812,0.6,2026-10-02,increasing,Uganda,ELEVATED
ZA,0.5499328773220381,0.5876,2026-10-02,decreasing,Zambia,ELEVATED
SI,0.5036641357839108,0.4021,2026-10-02,increasing,Slovenia,ELEVATED
BR,0.5835616675019265,0.6,2026-10-02,increasing,Brazil,ELEVATED
BE,0.521731753014028,0.6,2026-10-02,increasing,Belgium,ELEVATED
AA,0.02583175726002082,0.1237,2026-10-02,decreasing,Aruba,LOW
GQ,0.5795641524593035,0.5938,2026-10-02,increasing,Guam,ELEVATED
RW,0.45188162103295326,0.6,2026-10-02,decreasing,Rwanda,MODERATE
GT,0.5813253302375476,0.5938,2026-10-02,increasing,Guatemala,ELEVATED
VC,0.6107610249022642,0.3155,2026-10-02,increasing,Saint Vincent and the Grenadines,ELEVATED
BT,0.4446507686004043,0.4701,2026-10-02,increasing,Bhutan,MODERATE
NP,0.5210929816961288,0.6,2026-10-02,stable,Nepal,ELEVATED
ER,0.5214689136172335,0.5196,2026-10-02,increasing,Eritrea,ELEVATED
PL,0.580967848400275,0.6,2026-10-02,increasing,Poland,ELEVATED
MI,0.5511650622884433,0.6,2026-10-02,stable,Malawi,ELEVATED
KS,0.6156124021609625,0.6,2026-10-02,increasing,South Korea,ELEVATED
PE,0.5554743271072705,0.6,2026-10-02,increasing,Peru,ELEVATED
RS,0.8533229896426201,0.6,2026-10-02,decreasing,Russia,CRITICAL
MT,0.44474113464355475,0.6,2026-10-02,decreasing,Malta,MODERATE
LY,0.5796629632016023,0.6,2026-10-02,decreasing,Libya,ELEVATED
TD,0.6110168648759524,0.6,2026-10-02,increasing,Trinidad and Tobago,ELEVATED
AR,0.5136601164440314,0.6,2026-10-02,increasing,Argentina,ELEVATED
WA,0.44600408216317494,0.5814,2026-10-02,decreasing,Namibia,MODERATE
GG,0.550162362655004,0.5443,2026-10-02,increasing,Georgia,ELEVATED
KU,0.5558689065774282,0.6,2026-10-02,increasing,Kuwait,ELEVATED
WE,0.8627717169125875,0.6,2026-10-02,decreasing,West Bank,CRITICAL
RO,0.5474366821845372,0.6,2026-10-02,decreasing,Romania,ELEVATED
AQ,0.44745246541919187,0.068,2026-10-02,decreasing,American Samoa,MODERATE
GY,0.6057122860352199,0.6,2026-10-02,increasing,Guyana,ELEVATED
RM,0.4887636661529541,0.3402,2026-10-02,increasing,Marshall Islands,MODERATE
AC,0.09534218436572701,0.3897,2026-10-02,increasing,Antigua and Barbuda,LOW
MH,0.0405,0.024,2026-10-02,,Montserrat,LOW
RB,0.5274638109654188,0.5691,2026-10-02,stable,RB,ELEVATED
MU,0.4966701216995717,0.6,2026-10-02,stable,Oman,MODERATE
HO,0.5968401890993119,0.532,2026-10-02,decreasing,Honduras,ELEVATED
BK,0.4841581062227488,0.3464,2026-10-02,increasing,Bosnia-Herzegovina,MODERATE
AU,0.5314042484263579,0.6,2026-10-02,increasing,Austria,ELEVATED
MB,0.099,0.012,2026-10-02,,Martinique,LOW
QA,0.5918224932253361,0.6,2026-10-02,increasing,Qatar,ELEVATED
SW,0.48416567459702503,0.6,2026-10-02,decreasing,Sweden,MODERATE
IS,0.8615169048309327,0.6,2026-10-02,stable,Israel,CRITICAL
ML,0.5714650341123343,0.5753,2026-10-02,decreasing,Mali,ELEVATED
PM,0.5310809612274171,0.6,2026-10-02,stable,Panama,ELEVATED
AL,0.5765456910431386,0.5691,2026-10-02,stable,Albania,ELEVATED
AO,0.5967867230158299,0.5443,2026-10-02,increasing,Angola,ELEVATED
CD,0.4876427987466256,0.6,2026-10-02,decreasing,Chad,MODERATE
OS,0.5294757345318795,0.6,2026-10-02,decreasing,OS,ELEVATED
CN,0.06302884807810188,0.1175,2026-10-02,decreasing,Comoros,LOW
MO,0.577544851799806,0.6,2026-10-02,decreasing,Morocco,ELEVATED
YM,0.9078907254338265,0.6,2026-10-02,increasing,Yemen,CRITICAL
UZ,0.4765119287371635,0.6,2026-10-02,increasing,Uzbekistan,MODERATE
IT,0.6028581047058106,0.6,2026-10-02,decreasing,Italy,ELEVATED
LS,0.0786,0.018,2026-10-02,,Liechtenstein,LOW
LO,0.5414404641091823,0.5381,2026-10-02,increasing,Slovakia,ELEVATED
MZ,0.5960222172737122,0.5753,2026-10-02,increasing,Mozambique,ELEVATED
PF,0.5789422979950906,0.0186,2026-10-02,stable,PF,ELEVATED
BL,0.559168819958965,0.4763,2026-10-02,increasing,Bolivia,ELEVATED
NO,0.46645182261864343,0.6,2026-10-02,stable,Norway,MODERATE
NU,0.522210827221473,0.5505,2026-10-02,increasing,Nicaragua,ELEVATED
CF,0.500899182309707,0.5938,2026-10-02,stable,Central African Republic,ELEVATED
BO,0.4621500463535389,0.5938,2026-10-02,increasing,Belarus,MODERATE
SZ,0.585576613843441,0.6,2026-10-02,decreasing,Switzerland,ELEVATED
JE,0.4690176756680012,0.6,2026-10-02,decreasing,Jersey,MODERATE
RE,0.5608007221917312,0.2845,2026-10-02,increasing,Réunion,ELEVATED
JM,0.5402385186155637,0.6,2026-10-02,decreasing,Jamaica,ELEVATED
MK,0.6036142115046581,0.5196,2026-10-02,increasing,North Macedonia,ELEVATED
DO,0.11740384668111802,0.1856,2026-10-02,decreasing,Dominica,LOW
KV,0.496782083834211,0.4825,2026-10-02,increasing,Kosovo,MODERATE
PO,0.5647070179631314,0.6,2026-10-02,increasing,Portugal,ELEVATED
CI,0.4738009364033739,0.6,2026-10-02,increasing,Chile,MODERATE
NZ,0.6038772991299629,0.6,2026-10-02,increasing,New Zealand,ELEVATED
PU,0.6046336530148982,0.1794,2026-10-02,increasing,Guinea-Bissau,ELEVATED
CT,0.2237468749533097,0.3588,2026-10-02,decreasing,CT,LOW
EC,0.44368106308082744,0.5691,2026-10-02,stable,Ecuador,MODERATE
GM,0.7425419368346532,0.6,2026-10-02,stable,Germany,HIGH
PS,0.30390226282179356,0.2041,2026-10-02,stable,Palau,LOW
LU,0.30549075901974,0.4515,2026-10-02,decreasing,Luxembourg,LOW
IN,0.7420871249834696,0.6,2026-10-02,increasing,India,HIGH
MR,0.20872701181098818,0.3216,2026-10-02,decreasing,Mauritania,LOW
EZ,0.3152190325409174,0.6,2026-10-02,increasing,Czech Republic,LOW
TH,0.7405342616637548,0.6,2026-10-02,decreasing,Thailand,HIGH
BA,0.3171193842527767,0.6,2026-10-02,decreasing,Bahrain,LOW
BG,0.7400176966190338,0.6,2026-10-02,increasing,Bangladesh,HIGH
WI,0.3179342712461949,0.1113,2026-10-02,decreasing,Western Sahara,LOW
KN,0.7890103395779927,0.6,2026-10-02,increasing,North Korea,HIGH
MV,0.3240422311425209,0.5381,2026-10-02,decreasing,Maldives,LOW
FR,0.7349890463799239,0.6,2026-10-02,decreasing,France,HIGH
YI,0.7272115421295166,0.0186,2026-10-02,stable,YI,HIGH
FJ,0.29467841252684596,0.6,2026-10-02,decreasing,Fiji,LOW
PA,0.3326479193071525,0.3216,2026-10-02,decreasing,Paraguay,LOW
VM,0.7271114036937555,0.6,2026-10-02,increasing,Vietnam,HIGH
CG,0.33625774208456277,0.5753,2026-10-02,decreasing,Congo,LOW
MP,0.20447736494243146,0.4887,2026-10-02,decreasing,Mauritius,LOW
DJ,0.7164385097225509,0.5814,2026-10-02,decreasing,Djibouti,HIGH
TT,0.3393210127949715,0.3402,2026-10-02,increasing,Timor-Leste,LOW
GP,0.19201922848820685,0.0619,2026-10-02,increasing,Guadeloupe,LOW
ZI,0.7152322828769684,0.6,2026-10-02,increasing,Zimbabwe,HIGH
MD,0.345421555787325,0.5134,2026-10-02,decreasing,Moldova,LOW
TI,0.3472596098482609,0.433,2026-10-02,increasing,Tajikistan,LOW
BM,0.7080395567417144,0.5814,2026-10-02,increasing,Myanmar,HIGH
SB,0.3485,0.012,2026-10-02,,SB,LOW
CY,0.3514192943895857,0.6,2026-10-02,decreasing,Cyprus,MODERATE
US,0.8077362467845282,0.6,2026-10-02,stable,United States,CRITICAL
KE,0.7049711900949478,0.6,2026-10-02,stable,Kenya,HIGH
BC,0.33388162364251917,0.5505,2026-10-02,increasing,Botswana,LOW
GZ,0.7430488603313764,0.5876,2026-10-02,increasing,Gaza Strip,HIGH
SY,0.7858268161614737,0.6,2026-10-02,increasing,Syria,HIGH
VT,0.29379807576537126,0.532,2026-10-02,decreasing,Vatican City,LOW
NI,0.7735657691955566,0.6,2026-10-02,stable,Nigeria,HIGH
RI,0.7741786445677281,0.5629,2026-10-02,increasing,Serbia,HIGH
LA,0.2370688637966911,0.5753,2026-10-02,decreasing,Laos,LOW
HA,0.7725577251116436,0.6,2026-10-02,increasing,Haiti,HIGH
IC,0.24072308151051405,0.5814,2026-10-02,stable,Iceland,LOW
IZ,0.7718768386046092,0.6,2026-10-02,increasing,Iraq,HIGH
KZ,0.2407992051790158,0.6,2026-10-02,decreasing,Kazakhstan,LOW
CU,0.770067552725474,0.6,2026-10-02,increasing,Cuba,HIGH
TV,0.24533653646707532,0.167,2026-10-02,increasing,Tuvalu,LOW
BY,0.22285592630505566,0.3588,2026-10-02,increasing,Burundi,LOW
CS,0.2460724724456668,0.5505,2026-10-02,decreasing,Costa Rica,LOW
CO,0.768763637940089,0.6,2026-10-02,increasing,Colombia,HIGH
TX,0.2593156240927056,0.5072,2026-10-02,decreasing,Turkmenistan,LOW
UK,0.7857598193486531,0.6,2026-10-02,increasing,United Kingdom,HIGH
UP,0.7674477548897266,0.6,2026-10-02,decreasing,Ukraine,HIGH
SE,0.2619383102934808,0.3464,2026-10-02,stable,Seychelles,LOW
BX,0.26522174235899,0.5753,2026-10-02,decreasing,Brunei,LOW
GI,0.21264423452317718,0.3031,2026-10-02,decreasing,Gibraltar,LOW
RP,0.7438352725903193,0.6,2026-10-02,increasing,Philippines,HIGH
AJ,0.2875529349843661,0.6,2026-10-02,increasing,Azerbaijan,LOW
NL,0.7524173633257548,0.6,2026-10-02,increasing,Netherlands,HIGH
GV,0.28391286842525004,0.433,2026-10-02,decreasing,Guinea,LOW
FI,0.2835070229818423,0.6,2026-10-02,decreasing,Finland,LOW
VQ,0.3534549866678814,0.3897,2026-10-02,decreasing,VQ,MODERATE
NG,0.7535696627696357,0.6,2026-10-02,decreasing,Niger,HIGH
SF,0.7538107018669447,0.6,2026-10-02,stable,South Africa,HIGH
KG,0.27666786000132565,0.4948,2026-10-02,increasing,Kyrgyzstan,LOW
OC,0.22145,0.024,2026-10-02,increasing,OC,LOW
AS,0.7565945836156608,0.6,2026-10-02,increasing,Australia,HIGH
NS,0.2680780043080449,0.3155,2026-10-02,increasing,Suriname,LOW
SU,0.7621094102660816,0.6,2026-10-02,stable,Sudan,HIGH
BB,0.2774982417499026,0.6,2026-10-02,increasing,Barbados,LOW
EG,0.7039435973763467,0.6,2026-10-02,increasing,Egypt,HIGH
GJ,0.3555183203145862,0.4701,2026-10-02,decreasing,Grenada,MODERATE
HU,0.7035664893190067,0.6,2026-10-02,increasing,Hungary,HIGH
WS,0.6485393955310186,0.532,2026-10-02,increasing,Samoa,ELEVATED
AG,0.40565035001995664,0.6,2026-10-02,increasing,Algeria,MODERATE
CM,0.22523447448387746,0.5938,2026-10-02,decreasing,Cameroon,LOW
SN,0.6484808051089446,0.6,2026-10-02,increasing,Singapore,ELEVATED
AM,0.41000647672762475,0.6,2026-10-02,increasing,Armenia,MODERATE
IV,0.15921343138441443,0.4268,2026-10-02,decreasing,Côte d'Ivoire,LOW
ES,0.641104443470637,0.5938,2026-10-02,increasing,El Salvador,ELEVATED
LI,0.4121533490220706,0.5691,2026-10-02,increasing,Liberia,MODERATE
CA,0.6378143767888348,0.6,2026-10-02,stable,Canada,ELEVATED
PK,0.8425279181202253,0.6,2026-10-02,increasing,Pakistan,CRITICAL
EN,0.4132399595032135,0.5567,2026-10-02,increasing,Estonia,MODERATE
LH,0.4210446770116687,0.5938,2026-10-02,decreasing,Lithuania,MODERATE
CH,0.6308045724282662,0.6,2026-10-02,decreasing,China,ELEVATED
PP,0.4215805428723494,0.5753,2026-10-02,decreasing,Papua New Guinea,MODERATE
GR,0.6307364409665267,0.6,2026-10-02,decreasing,Greece,ELEVATED
RQ,0.42306988934675854,0.5443,2026-10-02,decreasing,Puerto Rico,MODERATE
EI,0.629002418021361,0.6,2026-10-02,decreasing,Ireland,ELEVATED
BN,0.618217370864004,0.6,2026-10-02,increasing,Benin,ELEVATED
MC,0.13129807718098163,0.2722,2026-10-02,decreasing,Macau,LOW
BF,0.4417984743913015,0.5938,2026-10-02,increasing,Bahamas,MODERATE
SL,0.4416306818028291,0.532,2026-10-02,stable,Sierra Leone,MODERATE
TW,0.6218187470237414,0.6,2026-10-02,decreasing,Taiwan,ELEVATED
SG,0.4395397137105465,0.5814,2026-10-02,decreasing,Senegal,MODERATE
GL,0.4046720216174921,0.4701,2026-10-02,decreasing,Greenland,MODERATE
CE,0.625157156487306,0.6,2026-10-02,increasing,Sri Lanka,ELEVATED
OD,0.4314462137718995,0.5938,2026-10-02,decreasing,OD,MODERATE
TS,0.6257720476388932,0.5814,2026-10-02,increasing,Tunisia,ELEVATED
UY,0.42656330633908507,0.4639,2026-10-02,increasing,Uruguay,MODERATE
BP,0.14737714633966487,0.5258,2026-10-02,increasing,Solomon Islands,LOW
JA,0.6278795603911081,0.6,2026-10-02,increasing,Japan,ELEVATED
DA,0.4240206469098727,0.6,2026-10-02,increasing,Denmark,MODERATE
IR,0.8469529700279234,0.6,2026-10-02,stable,Iran,CRITICAL
ID,0.6157554770509402,0.6,2026-10-02,decreasing,Indonesia,ELEVATED
ST,0.6494714268296957,0.2722,2026-10-02,increasing,Saint Lucia,ELEVATED
SP,0.6555241536100705,0.6,2026-10-02,decreasing,Spain,HIGH
MG,0.19162252994875115,0.4515,2026-10-02,decreasing,Mongolia,LOW
DR,0.3573842217028141,0.5814,2026-10-02,increasing,Dominican Republic,MODERATE
VE,0.7022292127211888,0.6,2026-10-02,decreasing,Venezuela,HIGH
GA,0.3636806813379129,0.5876,2026-10-02,stable,Gambia,MODERATE
SA,0.7011206147571404,0.6,2026-10-02,decreasing,Saudi Arabia,HIGH
TO,0.36533305664857224,0.3588,2026-10-02,decreasing,Togo,MODERATE
MJ,0.3728365338593721,0.2103,2026-10-02,increasing,Montenegro,MODERATE
SO,0.6975865264733633,0.6,2026-10-02,decreasing,Somalia,HIGH
UV,0.37767312355339533,0.5196,2026-10-02,decreasing,Burkina Faso,MODERATE
BH,0.3805668029282242,0.5629,2026-10-02,increasing,Belize,MODERATE
LE,0.6906113843619823,0.6,2026-10-02,decreasing,Lebanon,HIGH
MN,0.3825425386428833,0.4763,2026-10-02,increasing,Monaco,MODERATE
TN,0.6858172899484635,0.3588,2026-10-02,increasing,Tonga,HIGH
AY,0.1779044515173882,0.4268,2026-10-02,increasing,Antarctica,LOW
BU,0.3851574524367849,0.5938,2026-10-02,decreasing,Bulgaria,MODERATE
AF,0.8222525087123117,0.6,2026-10-02,increasing,Afghanistan,CRITICAL
TU,0.6857857741912206,0.6,2026-10-02,decreasing,Turkey,HIGH
CW,0.3967671509459615,0.3216,2026-10-02,increasing,Cook Islands,MODERATE
MX,0.8289900303880374,0.6,2026-10-02,increasing,Mexico,CRITICAL
KR,0.1646634602546692,0.1175,2026-10-02,stable,Kiribati,LOW
LT,0.3961473555583506,0.3278,2026-10-02,increasing,Lesotho,MODERATE
ET,0.656529254342119,0.6,2026-10-02,increasing,Ethiopia,HIGH
CB,0.3887880592048169,0.6,2026-10-02,increasing,Cambodia,MODERATE
AE,0.40063098419147236,0.6,2026-10-02,decreasing,United Arab Emirates,MODERATE
MY,0.6607737314701082,0.6,2026-10-02,increasing,Malaysia,HIGH
LG,0.38664326791961984,0.5258,2026-10-02,increasing,Latvia,MODERATE
GK,0.6735576951503753,0.2165,2026-10-02,increasing,Guernsey,HIGH
TZ,0.5514004190266132,0.6,2026-10-02,increasing,Tanzania,ELEVATED
GH,0.3857687210539977,0.6,2026-10-02,decreasing,Ghana,MODERATE
JO,0.6809062449137371,0.6,2026-10-02,stable,Jordan,HIGH
HR,0.38561458592613534,0.5505,2026-10-02,decreasing,Croatia,MODERATE
CJ,0.17644230619072915,0.2289,2026-10-02,decreasing,Cayman Islands,LOW
CV,0.0234,0.006,2026-10-02,,Cape Verde,LOW
