country,neighbor,spillover_weight,risk_correlation,computed_date
ET,GY,0.2642,,2026-10-03
AG,AM,0.3276,,2026-10-03
AG,EZ,0.3122,,2026-10-03
AG,CY,0.3026,,2026-10-03
AG,EG,0.3023,,2026-10-03
BE,CI,0.3135,,2026-10-03
FR,IN,0.2836,,2026-10-03
YM,MO,0.291,,2026-10-03
YM,EG,0.2803,,2026-10-03
YM,KE,0.2733,,2026-10-03
KN,SF,0.298,,2026-10-03
KN,KS,0.2875,,2026-10-03
OS,GR,0.3129,,2026-10-03
HA,AM,0.2515,,2026-10-03
VE,BN,0.2555,,2026-10-03
MX,AR,0.264,,2026-10-03
SU,JA,0.278,,2026-10-03
RS,UP,0.56,,2026-10-03
RS,CA,0.2546,,2026-10-03
GR,OS,0.3129,,2026-10-03
LY,GBR,0.3274,,2026-10-03
LY,IS,0.2527,,2026-10-03
US,USA,0.264,,2026-10-03
BR,BB,0.2824,,2026-10-03
BR,FJ,0.2812,,2026-10-03
AM,AG,0.3276,,2026-10-03
AM,AJ,0.282,,2026-10-03
AM,HA,0.2515,,2026-10-03
TH,UK,0.2806,,2026-10-03
KU,QA,0.3081,,2026-10-03
KU,SA,0.2624,,2026-10-03
CAN,GH,0.3108,,2026-10-03
EG,AG,0.3023,,2026-10-03
EG,YM,0.2803,,2026-10-03
EG,EZ,0.252,,2026-10-03
BN,BG,0.3473,,2026-10-03
BN,VE,0.2555,,2026-10-03
USA,US,0.264,,2026-10-03
USA,NG,0.2526,,2026-10-03
WE,IS,0.366,,2026-10-03
WE,CA,0.2663,,2026-10-03
SF,KN,0.298,,2026-10-03
MU,QA,0.312,,2026-10-03
MU,MY,0.2648,,2026-10-03
MU,UK,0.2516,,2026-10-03
GBR,LY,0.3274,,2026-10-03
GBR,IT,0.3103,,2026-10-03
UK,AS,0.3147,,2026-10-03
UK,TH,0.2806,,2026-10-03
UK,MU,0.2516,,2026-10-03
AUS,AS,0.2803,,2026-10-03
AS,UK,0.3147,,2026-10-03
AS,AUS,0.2803,,2026-10-03
AS,NZ,0.2588,,2026-10-03
IN,FR,0.2836,,2026-10-03
UP,RS,0.56,,2026-10-03
UP,IRL,0.2923,,2026-10-03
UP,MY,0.2564,,2026-10-03
BG,BN,0.3473,,2026-10-03
NG,USA,0.2526,,2026-10-03
CB,MT,0.3023,,2026-10-03
EZ,AG,0.3122,,2026-10-03
EZ,KS,0.2854,,2026-10-03
EZ,AJ,0.2613,,2026-10-03
EZ,EG,0.252,,2026-10-03
GM,GY,0.2536,,2026-10-03
ZI,HU,0.2582,,2026-10-03
PK,CA,0.2939,,2026-10-03
QA,BA,0.3748,,2026-10-03
QA,MU,0.312,,2026-10-03
QA,KU,0.3081,,2026-10-03
QA,LE,0.2648,,2026-10-03
QA,NO,0.2517,,2026-10-03
MY,SZ,0.3355,,2026-10-03
MY,SN,0.2851,,2026-10-03
MY,MU,0.2648,,2026-10-03
MY,UP,0.2564,,2026-10-03
IS,WE,0.366,,2026-10-03
IS,LE,0.3377,,2026-10-03
IS,TU,0.3008,,2026-10-03
IS,LY,0.2527,,2026-10-03
BB,GH,0.3429,,2026-10-03
BB,BR,0.2824,,2026-10-03
EI,FI,0.2819,,2026-10-03
SP,MO,0.3181,,2026-10-03
NZ,AS,0.2588,,2026-10-03
SA,KU,0.2624,,2026-10-03
GY,UG,0.3046,,2026-10-03
GY,ET,0.2642,,2026-10-03
GY,GM,0.2536,,2026-10-03
IND,CA,0.3179,,2026-10-03
IND,SZ,0.2506,,2026-10-03
SZ,MY,0.3355,,2026-10-03
SZ,IND,0.2506,,2026-10-03
HU,ZI,0.2582,,2026-10-03
SN,KS,0.3062,,2026-10-03
SN,MY,0.2851,,2026-10-03
MO,SP,0.3181,,2026-10-03
MO,YM,0.291,,2026-10-03
UG,GY,0.3046,,2026-10-03
RO,SW,0.347,,2026-10-03
CI,BE,0.3135,,2026-10-03
AR,MX,0.264,,2026-10-03
KS,SN,0.3062,,2026-10-03
KS,KN,0.2875,,2026-10-03
KS,EZ,0.2854,,2026-10-03
KE,YM,0.2733,,2026-10-03
PL,AJ,0.2742,,2026-10-03
ID,FI,0.2966,,2026-10-03
TU,IS,0.3008,,2026-10-03
CA,IND,0.3179,,2026-10-03
CA,AJ,0.2962,,2026-10-03
CA,PK,0.2939,,2026-10-03
CA,WE,0.2663,,2026-10-03
CA,RS,0.2546,,2026-10-03
MT,CB,0.3023,,2026-10-03
NO,PO,0.3135,,2026-10-03
NO,QA,0.2517,,2026-10-03
JA,SU,0.278,,2026-10-03
IT,GBR,0.3103,,2026-10-03
AJ,CA,0.2962,,2026-10-03
AJ,AM,0.282,,2026-10-03
AJ,PL,0.2742,,2026-10-03
AJ,EZ,0.2613,,2026-10-03
CY,AG,0.3026,,2026-10-03
PO,NO,0.3135,,2026-10-03
SW,RO,0.347,,2026-10-03
GH,BB,0.3429,,2026-10-03
GH,CAN,0.3108,,2026-10-03
LE,IS,0.3377,,2026-10-03
LE,QA,0.2648,,2026-10-03
FI,ID,0.2966,,2026-10-03
FI,EI,0.2819,,2026-10-03
FJ,BR,0.2812,,2026-10-03
BA,QA,0.3748,,2026-10-03
IRL,UP,0.2923,,2026-10-03
